viga;muestra;b;h;a;l;CH;ro;Pmax;Pf;W;Mmax;fm;Eml
[-];[-];[mm];[mm];[mm];[mm];[%];[kg/m3];[N];[N/mm];[mm3];[N*mm];[N/mm2];[N/mm2]
1;1;36;93,4;603,7;1771,4;11,2;429,8;4517;260;52341,4;1,36346e+06;26,0493;11091,4
2;1;36,2;94,3;603,7;1771,4;11,6;433,64;6009;284;53651,4;1,81382e+06;33,8075;11715,7
3;1;35,8;94,2;603,7;1771,4;13;469,59;6949;354;52946,1;2,09756e+06;39,6168;14812,4
4;1;35,5;94,8;603,7;1771,4;12,9;451,17;7844;331;53173,3;2,36771e+06;44,5282;13710,7
5;1;36;91,2;603,7;1771,4;11,8;502,4;6929;302;49904,6;2,09152e+06;41,9103;13812
6;1;36,1;94,2;603,7;1771,4;12,7;431,16;6890;356;53389,7;2,07975e+06;38,9541;14772,2
7;1;35,5;94,6;603,7;1771,4;12,4;500,08;8597;365;52949,2;2,595e+06;49,0093;15212,5
8;1;35,8;95,7;603,7;1771,4;11,6;491,23;7944;382;54645,7;2,3979e+06;43,8808;15264,2
9;1;36,2;94,4;603,7;1771,4;11,7;418,16;5222;320;53765,2;1,57626e+06;29,3175;13160,1
10;1;35,9;93,4;603,7;1771,4;11,5;426,03;4656;293;52196;1,40541e+06;26,9257;12533,9
11;1;36,2;95,1;603,7;1771,4;12;432,2;8860;336;54565,5;2,67439e+06;49,0125;13523,5
12;1;36;92,7;603,7;1771,4;11,9;462,1;5760;327;51559,7;1,73866e+06;33,7212;14259,3
13;1;35,9;94;603,7;1771,4;12,5;469,76;6895;349;52868,7;2,08126e+06;39,3665;14653,1
14;1;35,6;94,3;603,7;1771,4;12,4;432,14;5998;333;52762,1;1,8105e+06;34,3143;13968,6
15;1;35,5;95;603,7;1771,4;10,9;417,18;6658;339;53397,9;2,00972e+06;37,6366;13956
16;1;36,1;93;603,7;1771,4;12,5;446,42;6102;311;52038,2;1,84189e+06;35,395;13397
17;1;35,9;94,7;603,7;1771,4;11,7;452,21;5885;326;53659,1;1,77639e+06;33,1051;13394,3
18;1;36,1;94,2;603,7;1771,4;12,1;471,97;6847;393;53389,7;2,06677e+06;38,7109;16307,6
19;1;35,5;93,3;603,7;1771,4;12,2;426,04;4543;248;51503,9;1,3713e+06;26,6252;10762,1
20;1;36,2;95;603,7;1771,4;11,7;488,3;7167;358;54450,8;2,16336e+06;39,7305;14453,2
21;1;35,7;94,6;603,7;1771,4;12,3;431,76;6072;338;53247,5;1,83283e+06;34,421;14008,2
22;1;35,8;96;603,7;1771,4;13,6;425,81;5261;287;54988,8;1,58803e+06;28,8792;11363,9
23;1;35,9;93,6;603,7;1771,4;11;481,58;8339;359;52419,7;2,51713e+06;48,0187;15261,7
24;1;36,5;93,3;603,7;1771,4;11,9;483,36;6085;324;52954,7;1,83676e+06;34,6854;13674,9
25;1;36,2;93;603,7;1771,4;12,3;423,32;5031;265;52182,3;1,51861e+06;29,102;11384
26;1;35,5;95,8;603,7;1771,4;11,4;496,47;8663;401;54301;2,61493e+06;48,1561;16109,7
27;1;36,1;94,1;603,7;1771,4;12,4;454,98;8233;369;53276,4;2,48513e+06;46,646;15359,2
28;1;36,5;94;603,7;1771,4;11;427,03;6466;284;53752,3;1,95176e+06;36,3103;11728
29;1;36;93,4;603,7;1771,4;11,6;465,6;6463;360;52341,4;1,95086e+06;37,2718;15357,3
30;1;35,7;93,2;603,7;1771,4;12,3;466;7839;351;51683,1;2,3662e+06;45,7829;15194
31;1;35,5;92,8;603,7;1771,4;11,9;424,64;5140;276;50953,4;1,55151e+06;30,4496;12166,5
32;1;35,8;93,9;603,7;1771,4;12,1;468,66;5973;331;52609,4;1,80295e+06;34,2705;13979,5
33;1;35,3;94,5;603,7;1771,4;12,9;438,06;5763;293;52539,6;1,73956e+06;33,1095;12318,8
34;1;35,7;93,8;603,7;1771,4;12,5;443,51;8675;345;52350,7;2,61855e+06;50,0193;14657,1
35;1;36,4;93,6;603,7;1771,4;12,6;440,89;5648;317;53149,8;1,70485e+06;32,0763;13291,1
36;1;35,9;95,2;603,7;1771,4;11,3;446,33;6221;336;54227,2;1,87781e+06;34,6285;13594,7
37;1;36,2;92,9;603,7;1771,4;11,6;448,63;6648;316;52070,1;2,0067e+06;38,5384;13617,5
38;1;36,6;94,4;603,7;1771,4;12;457,14;4868;296;54359,3;1,46941e+06;27,0314;12040
39;1;35,8;94,4;603,7;1771,4;11,3;503,95;7881;410;53171,1;2,37888e+06;44,7401;17049,7
40;1;34,8;93;603,7;1771,4;10,2;424,28;6184;312;50164,2;1,86664e+06;37,2106;13942,2
41;1;36,2;92,7;603,7;1771,4;10,8;436,79;5723;278;51846,2;1,72749e+06;33,3195;12055,6
42;1;36,4;94,3;603,7;1771,4;13,1;504,26;7119;332;53947,8;2,14887e+06;39,8324;13620,6
43;1;35,9;93,9;603,7;1771,4;12,1;468,71;7997;379;52756,3;2,41389e+06;45,7556;15962,1
44;1;35,6;95,1;603,7;1771,4;11,4;446,89;5375;271;53661,1;1,62244e+06;30,235;11091,1
45;1;34,8;92,9;603,7;1771,4;11,9;399,5;4142;259;50056,4;1,25026e+06;24,9771;11610,2
46;1;35,6;94,2;603,7;1771,4;12,1;420,36;5120;282;52650,3;1,54547e+06;29,3535;11866
47;1;35,8;92,6;603,7;1771,4;11,9;420,6;5017;258;51162,7;1,51438e+06;29,5993;11349
48;1;36,1;93,1;603,7;1771,4;11,9;434,1;4674;271;52150,1;1,41085e+06;27,0536;11637,4
49;1;36,1;93,3;603,7;1771,4;11,7;451;6481;323;52374,4;1,95629e+06;37,352;13783,8
50;1;35,9;94,5;603,7;1771,4;12,3;454,8;8202;369;53432,7;2,47577e+06;46,3345;15254,8
51;1;36;93,3;603,7;1771,4;12,4;442,18;4972;290;52229,3;1,5008e+06;28,7348;12409,9
52;1;35,6;94,8;603,7;1771,4;12,2;434,86;6461;291;53323,1;1,95025e+06;36,5743;12019,9
53;1;35,9;93,8;603,7;1771,4;11,7;463,2;6330;333;52644;1,91071e+06;36,2949;14068,5
54;1;36,2;94,1;603,7;1771,4;11,3;417,02;5575;326;53424;1,68281e+06;31,4992;13531,9
55;1;35,3;93,7;603,7;1771,4;11,2;455,12;6866;357;51653,8;2,0725e+06;40,1229;15386,6
56;1;36,2;94,3;603,7;1771,4;11,8;437,84;6107;304;53651,4;1,8434e+06;34,3588;12540,8
57;1;36,2;93,7;603,7;1771,4;11,2;453,86;6931;331;52970,8;2,09212e+06;39,4958;13911,3
58;1;35,6;93,2;603,7;1771,4;12,1;455,99;5739;293;51538,4;1,73232e+06;33,6122;12718,9
59;1;36;95,2;603,7;1771,4;12,9;482,53;7673;376;54378,2;2,3161e+06;42,5923;15170,9
60;1;36;94,6;603,7;1771,4;11,6;420,05;3299;208;53695;995803;18,5456;8548,61
61;1;35,8;93,5;603,7;1771,4;11,7;465,65;7354;324;52162,1;2,2198e+06;42,5559;13855,4
62;1;36,1;93,8;603,7;1771,4;11,9;389,46;4772;247;52937,3;1,44043e+06;27,2101;10377,4
63;1;35,8;92,9;603,7;1771,4;11,6;425,37;6838;293;51494,8;2,06405e+06;40,0827;12767,5
64;1;35,9;94,6;603,7;1771,4;12,1;457,98;7412;360;53545,8;2,23731e+06;41,7831;14836,9
65;1;35,7;93,7;603,7;1771,4;12,5;439,46;5122;287;52239,2;1,54608e+06;29,5961;12231
66;1;36,3;94,7;603,7;1771,4;11,7;518,75;8941;457;54256,9;2,69884e+06;49,7419;18569,7
67;1;35,4;93,7;603,7;1771,4;11,2;434,65;5723;301;51800,2;1,72749e+06;33,3491;12936,4
68;1;36,1;93,9;603,7;1771,4;12,6;456,29;6523;319;53050,2;1,96897e+06;37,1152;13360,7
69;1;36,2;94,8;603,7;1771,4;11,2;466,94;8029;378;54221,8;2,42355e+06;44,697;15354,7
70;1;35,6;92,4;603,7;1771,4;11,7;514,46;10740;443;50657,4;3,24187e+06;63,996;19720,5
71;1;36,3;93,3;603,7;1771,4;11,9;408,35;5775;311;52664,6;1,74318e+06;33,0997;13198,5
72;1;36,2;95,5;603,7;1771,4;12,3;457,11;7323;360;55025,5;2,21045e+06;40,1713;14313,2
73;1;35,4;94,1;603,7;1771,4;12,5;428,02;7042;326;52243,4;2,12563e+06;40,687;13837,7
74;1;35,9;94,2;603,7;1771,4;12,8;493,67;7711;377;53093,9;2,32757e+06;43,8386;15730,8
75;1;36;93,1;603,7;1771,4;13,1;430,01;5704;289;52005,7;1,72175e+06;33,107;12444,8
76;1;36,4;94,4;603,7;1771,4;11,8;453,35;7890;391;54062,3;2,3816e+06;44,0529;15991,6
77;1;36,4;95,4;603,7;1771,4;11,9;454,7;7277;405;55213,7;2,19656e+06;39,7829;16062,8
78;1;36;92,5;603,7;1771,4;11,6;429,87;5727;258;51337,5;1,72869e+06;33,6731;11321,7
79;1;35,6;92,9;603,7;1771,4;12,4;459,33;4336;264;51207,1;1,30882e+06;25,5594;11568,4
80;1;35,5;92,9;603,7;1771,4;12,4;405,08;5038;285;51063,3;1,52072e+06;29,7811;12523,8
81;1;36,1;93,3;603,7;1771,4;12,1;442,88;5685;290;52374,4;1,71602e+06;32,7644;12375,5
82;1;36,6;95,5;603,7;1771,4;12,3;427,78;5649;338;55633,5;1,70515e+06;30,6497;13291,6
83;1;36,2;94,7;603,7;1771,4;12;403,72;7105;346;54107,5;2,14464e+06;39,6367;14098,2
84;1;36;95,9;603,7;1771,4;11,6;483,42;7560;395;55180,9;2,28199e+06;41,3547;15600,7
85;1;36,5;93,7;603,7;1771,4;11,5;456,16;8454;381;53409,8;2,55184e+06;47,7785;15881,1
86;1;35,8;93;603,7;1771,4;11,5;444,99;5116;304;51605,7;1,54426e+06;29,9243;13205,2
87;1;36,4;93,4;603,7;1771,4;12,5;475,05;8736;373;52922,9;2,63696e+06;49,8264;15737
88;1;36,6;92,6;603,7;1771,4;12,2;464,7;6028;348;52306;1,81955e+06;34,7867;14973,4
89;1;35,9;93,8;603,7;1771,4;13;454,89;5272;345;52644;1,59135e+06;30,2286;14575,4
90;2;44,9;142,5;931,3;2714,6;12;423,95;13087;373;151958;6,09396e+06;40,1028;12979,1
91;2;44,8;143;931,3;2714,6;11,4;409,42;11593;372;152686;5,39828e+06;35,3555;12841,2
92;2;44,4;142;931,3;2714,6;12,3;431,38;13153;355;149214;6,12469e+06;41,0465;12620,7
93;2;45,6;140,7;931,3;2714,6;12,2;401,48;17101;419;150453;7,96308e+06;52,9272;14898,9
94;2;44,7;140,2;931,3;2714,6;12,6;427,62;16422;394;146437;7,6469e+06;52,2196;14441,5
95;2;44,4;141,7;931,3;2714,6;12,8;382,86;9219;327;148584;4,29283e+06;28,8916;11697,3
96;2;45,4;140,5;931,3;2714,6;11,5;470,7;13174;370;149368;6,13447e+06;41,0696;13269,6
97;2;44,8;143,1;931,3;2714,6;11,7;387,54;9483;383;152899;4,41576e+06;28,8801;13194
98;2;45,1;142,3;931,3;2714,6;11,1;375,13;10374;300;152207;4,83065e+06;31,7374;10435,4
99;2;44,7;139,9;931,3;2714,6;11,4;450,24;12955;363;145811;6,0325e+06;41,3719;13388,8
100;2;44,3;143,5;931,3;2714,6;11,8;409,44;12596;388;152039;5,86533e+06;38,5777;13407,4
101;2;45,1;143,1;931,3;2714,6;11,8;389,39;10717;362;153923;4,99037e+06;32,4211;12387,6
102;2;44,8;142,8;931,3;2714,6;12,3;442,93;14715;403;152259;6,85204e+06;45,0025;13968,2
103;2;43,8;140,7;931,3;2714,6;11,9;427,32;13334;351;144514;6,20898e+06;42,9644;12993,9
104;2;45;142;931,3;2714,6;11,7;441,83;11647;339;151230;5,42343e+06;35,8621;11891,2
105;2;45,5;141,9;931,3;2714,6;11,9;462,54;16660;487;152695;7,75773e+06;50,8054;16929,7
106;2;45,1;142,6;931,3;2714,6;13,9;411,54;10880;379;152850;5,06627e+06;33,1455;13102,5
107;2;44,7;141,9;931,3;2714,6;12,3;438,24;13448;415;150010;6,26206e+06;41,7442;14685
108;2;44,8;142,4;931,3;2714,6;12,2;401,91;10399;382;151407;4,84229e+06;31,9819;13349,3
109;2;44,8;139,7;931,3;2714,6;11,9;431,15;10206;346;145720;4,75242e+06;32,6134;12786,6
110;2;44,4;142,6;931,3;2714,6;10,9;460,03;12784;392;150477;5,95287e+06;39,5599;13765,6
111;2;45,5;141,2;931,3;2714,6;11,8;410,46;13898;410;151192;6,4716e+06;42,8038;14460,3
112;2;44,1;143;931,3;2714,6;11,9;439,58;12573;398;150300;5,85462e+06;38,9528;13956,8
113;2;44,6;141,8;931,3;2714,6;11,3;436,03;10775;356;149464;5,01738e+06;33,5692;12651,5
114;2;45,4;139,7;931,3;2714,6;11,9;420,3;12649;372;147672;5,89001e+06;39,8858;13565,8
115;2;45,2;140,6;931,3;2714,6;11,6;450,34;13316;435;148922;6,2006e+06;41,6366;15637,2
116;2;45,6;140,3;931,3;2714,6;12,5;399,27;11885;332;149599;5,53425e+06;36,9939;11904
117;2;45,3;141,8;931,3;2714,6;12,4;431,21;16017;432;151810;7,45832e+06;49,1294;15115,1
118;2;44,8;142,5;931,3;2714,6;12,3;391,11;14128;369;151620;6,5787e+06;43,3894;12868,6
119;2;45;142,1;931,3;2714,6;11,5;410,13;11407;373;151443;5,31167e+06;35,0737;13057
120;2;44,9;140,9;931,3;2714,6;11,5;389,39;11399;350;148565;5,30794e+06;35,728;12587,1
121;2;44,9;141,9;931,3;2714,6;11,2;388,63;9334;318;150681;4,34638e+06;28,8448;11202,5
122;2;44,6;143,7;931,3;2714,6;13,5;397,15;13050;395;153496;6,07673e+06;39,5889;13502,5
123;2;44,4;142,2;931,3;2714,6;12,7;403,81;9119;338;149634;4,24626e+06;28,3776;11967,1
124;2;44,3;142,7;931,3;2714,6;11,3;420,19;10417;349;150349;4,85068e+06;32,2628;12258,1
125;2;45,5;142,2;931,3;2714,6;11,6;429,7;15835;404;153341;7,37357e+06;48,086;13958
126;2;44,7;140,6;931,3;2714,6;12;445,22;16558;458;147274;7,71023e+06;52,3529;16648,1
127;2;45,6;142,7;931,3;2714,6;12;419,03;14666;347;154761;6,82922e+06;44,1275;11840,4
128;2;44,6;140;931,3;2714,6;12,8;405,37;14374;398;145693;6,69325e+06;45,9407;14681,9
129;2;44,6;141,7;931,3;2714,6;11,8;394,92;10830;326;149253;5,04299e+06;33,7882;11609,2
130;2;44,4;144,5;931,3;2714,6;11,8;406,05;10759;372;154514;5,00993e+06;32,4238;12568,3
131;2;45,7;140,6;931,3;2714,6;11,5;401,07;13745;369;150569;6,40036e+06;42,5078;13119,5
132;2;44,9;143,1;931,3;2714,6;12,9;369,5;10218;397;153241;4,75801e+06;31,0493;13645,8
133;2;44,8;143;931,3;2714,6;12,6;419,11;12705;395;152686;5,91608e+06;38,7468;13635,1
134;2;45;141;931,3;2714,6;12,9;374,32;10452;310;149108;4,86697e+06;32,6407;11100,8
135;2;44,4;140,8;931,3;2714,6;11,6;439,01;12088;430;146702;5,62878e+06;38,3687;15670,7
136;2;45,2;142,1;931,3;2714,6;12;410,17;14319;420;152116;6,66764e+06;43,8326;14637,2
137;2;44,2;142,9;931,3;2714,6;12;438,43;11847;387;150430;5,51656e+06;36,6718;13568
138;2;44,9;141,3;931,3;2714,6;11,7;432,22;15985;450;149410;7,44342e+06;49,8188;16049,9
139;2;44,3;143,6;931,3;2714,6;12,4;390,32;10447;348;152251;4,86465e+06;31,9514;12000,8
140;2;44,8;142,7;931,3;2714,6;10,7;422,1;12859;420;152046;5,98779e+06;39,3815;14587,3
141;2;45,5;143;931,3;2714,6;11,4;396,84;15547;391;155072;7,23946e+06;46,6846;13289,4
142;2;45,2;141,1;931,3;2714,6;12,8;450,37;14430;362;149983;6,71933e+06;44,8007;12878,8
143;2;45,2;145,2;931,3;2714,6;11,8;379,87;12518;394;158826;5,82901e+06;36,7007;12892,9
144;2;46,1;142,7;931,3;2714,6;12;380,54;14965;389;156458;6,96845e+06;44,5388;13129,6
145;2;44,8;142,1;931,3;2714,6;13;439,34;16841;433;150770;7,84201e+06;52,0131;15225
146;2;45;141;931,3;2714,6;11,8;417,38;12208;382;149108;5,68466e+06;38,1245;13679
147;2;45,2;143,9;931,3;2714,6;12,7;476,51;13244;410;155994;6,16707e+06;39,5339;13773,2
148;2;44,8;141,2;931,3;2714,6;11,9;389,03;11965;341;148866;5,5715e+06;37,4262;12214,7
149;2;44,5;142,3;931,3;2714,6;12,1;400,12;12137;384;150182;5,65159e+06;37,6316;13537,4
150;2;44,9;143,5;931,3;2714,6;12,5;406,95;8710;303;154099;4,05581e+06;26,3196;10330,3
151;2;45,7;144;931,3;2714,6;12,8;431,86;14162;408;157939;6,59454e+06;41,7536;13528,6
152;2;45,1;141,2;931,3;2714,6;11,5;408,08;11553;330;149863;5,37965e+06;35,8971;11742
153;2;44,9;141,4;931,3;2714,6;12,5;385,5;12350;351;149621;5,75078e+06;38,4355;12493,1
154;2;44,5;144,1;931,3;2714,6;12,1;444,03;14056;398;154006;6,54518e+06;42,4996;13525,4
155;2;45;142,5;931,3;2714,6;11,5;407,26;13954;428;152297;6,49768e+06;42,6646;14859,8
156;2;44,4;140,9;931,3;2714,6;12;443,25;11435;406;146911;5,32471e+06;36,2445;14765,4
157;2;44,9;144,9;931,3;2714,6;11,3;435,15;11113;403;157120;5,17477e+06;32,9351;13355,9
158;2;44,9;142,6;931,3;2714,6;11,7;405,25;14976;380;152172;6,97357e+06;45,827;13195,6
159;2;44,7;142,8;931,3;2714,6;12,2;379,26;11587;365;151919;5,39549e+06;35,5155;12679,4
160;2;45;144,9;931,3;2714,6;12,3;436,62;12138;412;157470;5,65206e+06;35,8929;13623,8
161;2;45,1;140,2;931,3;2714,6;11,8;421,28;11629;350;147748;5,41504e+06;36,6506;12715
162;2;45,1;143;931,3;2714,6;12,6;431,6;14758;435;153708;6,87206e+06;44,7085;14916
163;2;43,6;143,5;931,3;2714,6;12,6;429,38;15653;446;149637;7,28882e+06;48,71;15659
164;2;44,9;142,2;931,3;2714,6;11,4;397,72;11721;338;151319;5,45788e+06;36,0687;11833,8
165;2;44,7;142,3;931,3;2714,6;12,5;393,08;11341;357;150857;5,28094e+06;35,0062;12529,2
166;2;45,6;142;931,3;2714,6;12,3;424,74;13161;415;153246;6,12842e+06;39,9906;14365,5
167;2;45,3;142;931,3;2714,6;11,8;403,68;8777;332;152238;4,08701e+06;26,8462;11568,5
168;2;44,9;140,9;931,3;2714,6;12,8;427,86;14003;473;148565;6,5205e+06;43,8898;17010,5
169;2;45,2;142,6;931,3;2714,6;12,2;389,36;9737;355;153189;4,53403e+06;29,5977;12245,7
170;2;45,7;140,9;931,3;2714,6;11,6;399,19;11486;343;151212;5,34846e+06;35,3705;12119,4
171;2;44,5;141,2;931,3;2714,6;13,4;446,96;15978;416;147869;7,44016e+06;50,3157;15001,6
172;2;44,9;140,8;931,3;2714,6;11,6;410,02;10665;360;148354;4,96616e+06;33,475;12973,6
173;2;46,1;140,7;931,3;2714,6;12,1;383,42;13092;367;152103;6,09629e+06;40,08;12908,4
174;2;45,3;141,5;931,3;2714,6;11,4;489,21;19673;491;151168;9,16073e+06;60,5997;17286,1
175;2;44,9;143,5;931,3;2714,6;12;452,1;14096;412;154099;6,5638e+06;42,5948;14046,5
176;2;46;142,2;931,3;2714,6;13;450,06;11780;400;155026;5,48536e+06;35,3834;13669,6
177;2;44,1;144,9;931,3;2714,6;11,8;413,13;10809;397;154321;5,03321e+06;32,6153;13395,7
178;2;45;140,8;931,3;2714,6;13;417,52;10263;284;148685;4,77897e+06;32,1416;10212
179;2;44,5;142;931,3;2714,6;12,9;416,75;12701;333;149550;5,91422e+06;39,5469;11812
180;3;57;190,9;1217,1;3574,1;11,4;435,64;16811;470;346207;1,02303e+07;29,5498;12188,4
181;3;57,2;192,1;1217,1;3574,1;11,1;463,55;20562;473;351803;1,2513e+07;35,5682;12001,9
182;3;57;191,5;1217,1;3574,1;11,9;444,44;18590;478;348386;1,13129e+07;32,4724;12282,9
183;3;57,3;187,1;1217,1;3574,1;11,8;438,88;18685;488;334311;1,13708e+07;34,0125;13349,8
184;3;57,3;187,5;1217,1;3574,1;11,5;427,07;19967;617;335742;1,21509e+07;36,1912;16773,8
185;3;56,3;189,1;1217,1;3574,1;11,7;439,46;13974;431;335537;8,50388e+06;25,3441;11633,1
186;3;56,5;191,7;1217,1;3574,1;12,1;452,87;24497;580;346052;1,49076e+07;43,0792;14990,1
187;3;57,5;189,4;1217,1;3574,1;11,9;409,59;13644;434;343777;8,30306e+06;24,1525;11416,7
188;3;58;190,4;1217,1;3574,1;11,6;449,55;27035;532;350438;1,64521e+07;46,9475;13662,5
189;3;57,2;189,2;1217,1;3574,1;11,6;479,94;20841;578;341261;1,26828e+07;37,1645;15331,7
190;3;57;191,5;1217,1;3574,1;12;453,85;30524;625;348386;1,85754e+07;53,3183;16060,2
191;3;57,2;191;1217,1;3574,1;11,6;404,21;16528;511;347786;1,00581e+07;28,9205;13185,1
192;3;57,6;189;1217,1;3574,1;10,5;418,69;23882;623;342922;1,45334e+07;42,3811;16461,3
193;3;57,8;192,3;1217,1;3574,1;12,9;392,17;18244;455;356234;1,11024e+07;31,166;11390,7
194;3;56,5;190,7;1217,1;3574,1;11,4;448,64;20753;508;342451;1,26292e+07;36,879;13331,1
195;3;57;190,2;1217,1;3574,1;12,3;440,47;27405;692;343672;1,66773e+07;48,5268;18138,8
196;3;56,7;190,4;1217,1;3574,1;11,3;440,96;22444;501;342583;1,36583e+07;39,8686;13161,3
197;3;56,7;190;1217,1;3574,1;11,9;398,29;18480;448;341145;1,1246e+07;32,9655;11841,4
198;3;57,3;189,5;1217,1;3574,1;12,5;422,37;14830;455;342943;9,0248e+06;26,3157;11992,4
199;3;57,1;188,4;1217,1;3574,1;13,1;415,04;14905;377;337790;9,07044e+06;26,8523;10142,2
200;3;56,2;187,5;1217,1;3574,1;11,4;473,59;23704;514;329297;1,44251e+07;43,8057;14247,1
201;3;56,4;186,1;1217,1;3574,1;11,7;448,21;19767;551;325552;1,20292e+07;36,9502;15555,3
202;3;57,7;188,5;1217,1;3574,1;11,6;496,21;32910;612;341702;2,00274e+07;58,6107;16267,9
203;3;56,9;189,1;1217,1;3574,1;11,7;379,21;16752;463;339113;1,01944e+07;30,0621;12365,1
204;3;56,6;188,1;1217,1;3574,1;12;477,49;46155;645;333767;2,80876e+07;84,1535;17587
205;3;56,1;193,1;1217,1;3574,1;11,2;456,26;25136;558;348639;1,52965e+07;43,8749;14219,4
206;3;56,6;186,4;1217,1;3574,1;11,5;438,08;19752;501;327761;1,20201e+07;36,6733;14027,6
207;3;58,2;187,9;1217,1;3574,1;12,4;476,45;25940;587;342472;1,57858e+07;46,0936;15614
208;3;56,5;192,1;1217,1;3574,1;12,7;426,99;20709;460;347498;1,26025e+07;36,2663;11816,6
209;3;57,7;188,7;1217,1;3574,1;12;491,16;37327;638;342427;2,27153e+07;66,3363;16906,6
210;3;57,7;190,6;1217,1;3574,1;11,3;465,2;27699;540;349358;1,68562e+07;48,2492;13897,4
211;3;56,6;189,6;1217,1;3574,1;11,6;425,2;25999;500;339111;1,58217e+07;46,6564;13320,9
212;3;57,7;191,8;1217,1;3574,1;12;491,26;22180;605;353771;1,34976e+07;38,1536;15287,7
213;3;58,3;192,4;1217,1;3574,1;11,7;434,83;24611;535;359689;1,4977e+07;41,6388;13258,5
214;3;55,9;187,8;1217,1;3574,1;12,6;441,89;22125;481;328588;1,34642e+07;40,9758;13341,6
215;3;55,8;190,4;1217,1;3574,1;11,8;418,8;20939;524;337145;1,27424e+07;37,7951;13987,6
216;3;56,9;189,2;1217,1;3574,1;11,9;466,21;25198;516;339471;1,53342e+07;45,1709;13759,3
217;3;57,6;186,5;1217,1;3574,1;12,8;493,62;30768;699;333910;1,87239e+07;56,0747;19201,6
218;3;56,1;190,9;1217,1;3574,1;11,9;431,14;23019;599;340740;1,40082e+07;41,1111;15782,9
219;3;55,8;190,5;1217,1;3574,1;12,9;493,35;21140;501;337499;1,28647e+07;38,1178;13353,1
220;3;57,3;190,7;1217,1;3574,1;11,3;464,42;28070;625;347300;1,7082e+07;49,1851;16172,4
221;3;56,9;187,7;1217,1;3574,1;11,5;446,38;22605;445;334110;1,37563e+07;41,1729;12145
222;3;57,2;191,8;1217,1;3574,1;12,4;523,43;35120;667;350705;2,13723e+07;60,9409;17001,8
223;3;57,3;188,6;1217,1;3574,1;11,5;458,75;20459;577;339693;1,24503e+07;36,6517;15420,7
224;3;56,5;190,3;1217,1;3574,1;11,8;437,36;15225;449;341016;9,26517e+06;27,1693;11855,2
225;3;56,1;191,2;1217,1;3574,1;13,2;427,4;15861;539;341812;9,65221e+06;28,2384;14137
226;3;56,2;187,1;1217,1;3574,1;13,4;435,32;14878;404;327893;9,05401e+06;27,6127;11268,2
227;3;56,1;188,8;1217,1;3574,1;11,4;427,22;18202;439;333285;1,10768e+07;33,2353;11946,5
228;3;57,8;188;1217,1;3574,1;13,2;444,96;20561;496;340481;1,25124e+07;36,7492;13264,1
229;3;56,9;189,6;1217,1;3574,1;11,7;397,75;17465;474;340908;1,06283e+07;31,1765;12561,7
230;3;56,7;189,9;1217,1;3574,1;11,7;394,76;16735;426;340786;1,01841e+07;29,8841;11277,3
231;3;56,6;190,4;1217,1;3574,1;12,5;480,19;26773;608;341979;1,62927e+07;47,6425;16000,4
232;3;57,1;190,5;1217,1;3574,1;11,3;428,85;20260;512;345362;1,23292e+07;35,6994;13335,6
233;3;57,6;188,5;1217,1;3574,1;12;471,04;22637;584;341110;1,37757e+07;40,3851;15550,6
234;3;57,3;188;1217,1;3574,1;9,8;463,54;21275;504;337535;1,29469e+07;38,3572;13595,6
235;3;57,6;189,6;1217,1;3574,1;11,8;407,36;19468;510;345102;1,18473e+07;34,3297;13351,4
236;3;58;189,3;1217,1;3574,1;12,1;448,8;21529;514;346400;1,31015e+07;37,8218;13425,3
237;3;56,9;191;1217,1;3574,1;11,8;511,49;34013;659;345961;2,06986e+07;59,8292;17093,5
238;3;57,1;192;1217,1;3574,1;10,8;426,09;21484;499;350822;1,30741e+07;37,267;12703,1
239;3;57,4;189,4;1217,1;3574,1;12,4;467,94;20710;526;343179;1,26031e+07;36,7245;13860,9
240;3;56,5;191,1;1217,1;3574,1;11,8;463,3;26963;589;343889;1,64083e+07;47,714;15362,5
241;3;57,8;191;1217,1;3574,1;13,1;485,69;24823;587;351434;1,5106e+07;42,984;14988,9
242;3;57,2;190,5;1217,1;3574,1;12;436,2;26293;598;345967;1,60006e+07;46,2489;15548,4
243;3;57,5;191,9;1217,1;3574,1;12,5;459,51;22213;549;352912;1,35177e+07;38,3034;13899,8
244;3;56,4;191,3;1217,1;3574,1;12,4;385,47;17430;472;343999;1,0607e+07;30,8344;12295,1
245;3;56,5;188,5;1217,1;3574,1;12,1;444,23;16704;360;334595;1,01652e+07;30,3806;9772,6
246;3;57,3;187,6;1217,1;3574,1;13,5;463,08;25100;539;336100;1,52746e+07;45,4466;14630,5
247;3;56,9;192;1217,1;3574,1;12,3;430,8;18496;416;349594;1,12557e+07;32,1966;10627,4
248;3;56,7;193,1;1217,1;3574,1;12,6;466,65;19873;595;352368;1,20937e+07;34,3213;15001,8
249;3;57,1;188,8;1217,1;3574,1;11;421,1;19126;392;339226;1,16391e+07;34,3109;10480,7
250;3;56,4;189,6;1217,1;3574,1;11;442,33;20199;472;337913;1,22921e+07;36,3766;12619,5
251;3;57,1;189,1;1217,1;3574,1;12,2;388;17173;412;340305;1,04506e+07;30,7096;10964,5
252;3;57,7;191,4;1217,1;3574,1;13,3;465,67;20874;545;352297;1,27029e+07;36,0573;13855,7
253;3;56,7;188,8;1217,1;3574,1;12,9;460,74;26151;498;336849;1,59142e+07;47,2442;13408,7
254;3;56,9;187,1;1217,1;3574,1;11,7;426,05;12773;412;331977;7,77301e+06;23,4143;11350
255;3;56,9;189,7;1217,1;3574,1;11,6;478,18;15850;492;341268;9,64552e+06;28,2638;13018,6
256;3;57,2;190,8;1217,1;3574,1;12,5;469,56;26585;625;347058;1,61783e+07;46,6156;16176
257;3;57;193,1;1217,1;3574,1;12,2;478,77;25270;605;354232;1,53781e+07;43,4124;15173,7
258;3;56,9;190;1217,1;3574,1;11,9;501,32;34947;585;342348;2,1267e+07;62,1209;15408,3
