viga;muestra;b;h;a;l;af;let;CH;u_usado;Pmax;Pf;kh;kl;fm;fm_ref;Eml;Eml_ref;E0;ro;ro_ref
[-];[-];[mm];[mm];[mm];[mm];[mm];[mm];[%];[%];[N];[N/mm];[-];[-];[N/mm2];[N/mm2];[N/mm2];[N/mm2];[N/mm2];[kg/m3];[kg/m3]
1;1;36;93,4;603,7;1771,4;564;4591,4;11,2;11,2;4517;260;1,09938;0,995242;26,0493;23,8078;11091,4;11002,7;11002,7;429,8;431,519
2;1;36,2;94,3;603,7;1771,4;564;4591,4;11,6;11,6;6009;284;1,09728;0,997152;33,8075;30,8984;11715,7;11668,8;11668,8;433,64;434,507
3;1;35,8;94,2;603,7;1771,4;564;4591,4;13;13;6949;354;1,09751;0,996941;39,6168;36,2078;14812,4;14960,5;14960,5;469,59;467,242
4;1;35,5;94,8;603,7;1771,4;564;4591,4;12,9;12,9;7844;331;1,09612;0,998208;44,5282;40,6966;13710,7;13834,1;13834,1;451,17;449,14
5;1;36;91,2;603,7;1771,4;564;4591,4;11,8;11,8;6929;302;1,10464;0,990508;41,9103;38,3039;13812;13784,4;13784,4;502,4;502,902
6;1;36,1;94,2;603,7;1771,4;564;4591,4;12,7;12,7;6890;356;1,09751;0,996941;38,9541;35,6021;14772,2;14875,6;14875,6;431,16;429,651
7;1;35,5;94,6;603,7;1771,4;564;4591,4;12,4;12,4;8597;365;1,09658;0,997786;49,0093;44,7921;15212,5;15273,4;15273,4;500,08;499,08
8;1;35,8;95,7;603,7;1771,4;564;4591,4;11,6;11,6;7944;382;1,09405;1,0001;43,8808;40,1049;15264,2;15203,1;15203,1;491,23;492,212
9;1;36,2;94,4;603,7;1771,4;564;4591,4;11,7;11,7;5222;320;1,09704;0,997364;29,3175;26,7947;13160,1;13120,6;13120,6;418,16;418,787
10;1;35,9;93,4;603,7;1771,4;564;4591,4;11,5;11,5;4656;293;1,09938;0,995242;26,9257;24,6087;12533,9;12471,2;12471,2;426,03;427,095
11;1;36,2;95,1;603,7;1771,4;564;4591,4;12;12;8860;336;1,09542;0,998839;49,0125;44,795;13523,5;13523,5;13523,5;432,2;432,2
12;1;36;92,7;603,7;1771,4;564;4591,4;11,9;11,9;5760;327;1,10104;0,993745;33,7212;30,8195;14259,3;14245;14245;462,1;462,331
13;1;35,9;94;603,7;1771,4;564;4591,4;12,5;12,5;6895;349;1,09798;0,996517;39,3665;35,979;14653,1;14726,4;14726,4;469,76;468,586
14;1;35,6;94,3;603,7;1771,4;564;4591,4;12,4;12,4;5998;333;1,09728;0,997152;34,3143;31,3616;13968,6;14024,5;14024,5;432,14;431,276
15;1;35,5;95;603,7;1771,4;564;4591,4;10,9;10,9;6658;339;1,09565;0,998628;37,6366;34,398;13956;13802,5;13802,5;417,18;419,474
16;1;36,1;93;603,7;1771,4;564;4591,4;12,5;12,5;6102;311;1,10033;0,994388;35,395;32,3493;13397;13464;13464;446,42;445,304
17;1;35,9;94,7;603,7;1771,4;564;4591,4;11,7;11,7;5885;326;1,09635;0,997997;33,1051;30,2564;13394,3;13354,1;13354,1;452,21;452,888
18;1;36,1;94,2;603,7;1771,4;564;4591,4;12,1;12,1;6847;393;1,09751;0,996941;38,7109;35,3798;16307,6;16323,9;16323,9;471,97;471,734
19;1;35,5;93,3;603,7;1771,4;564;4591,4;12,2;12,2;4543;248;1,09962;0,995029;26,6252;24,3341;10762,1;10783,6;10783,6;426,04;425,614
20;1;36,2;95;603,7;1771,4;564;4591,4;11,7;11,7;7167;358;1,09565;0,998628;39,7305;36,3117;14453,2;14409,8;14409,8;488,3;489,032
21;1;35,7;94,6;603,7;1771,4;564;4591,4;12,3;12,3;6072;338;1,09658;0,997786;34,421;31,4591;14008,2;14050,2;14050,2;431,76;431,112
22;1;35,8;96;603,7;1771,4;564;4591,4;13,6;13,6;5261;287;1,09336;1,00072;28,8792;26,3942;11363,9;11545,7;11545,7;425,81;422,404
23;1;35,9;93,6;603,7;1771,4;564;4591,4;11;11;8339;359;1,09891;0,995668;48,0187;43,8867;15261,7;15109,1;15109,1;481,58;483,988
24;1;36,5;93,3;603,7;1771,4;564;4591,4;11,9;11,9;6085;324;1,09962;0,995029;34,6854;31,7007;13674,9;13661,2;13661,2;483,36;483,602
25;1;36,2;93;603,7;1771,4;564;4591,4;12,3;12,3;5031;265;1,10033;0,994388;29,102;26,5978;11384;11418,2;11418,2;423,32;422,685
26;1;35,5;95,8;603,7;1771,4;564;4591,4;11,4;11,4;8663;401;1,09382;1,0003;48,1561;44,0123;16109,7;16013;16013;496,47;497,959
27;1;36,1;94,1;603,7;1771,4;564;4591,4;12,4;12,4;8233;369;1,09774;0,996729;46,646;42,6321;15359,2;15420,6;15420,6;454,98;454,07
28;1;36,5;94;603,7;1771,4;564;4591,4;11;11;6466;284;1,09798;0,996517;36,3103;33,1858;11728;11610,7;11610,7;427,03;429,165
29;1;36;93,4;603,7;1771,4;564;4591,4;11,6;11,6;6463;360;1,09938;0,995242;37,2718;34,0646;15357,3;15295,9;15295,9;465,6;466,531
30;1;35,7;93,2;603,7;1771,4;564;4591,4;12,3;12,3;7839;351;1,09985;0,994815;45,7829;41,8433;15194;15239,6;15239,6;466;465,301
31;1;35,5;92,8;603,7;1771,4;564;4591,4;11,9;11,9;5140;276;1,1008;0,99396;30,4496;27,8294;12166,5;12154,3;12154,3;424,64;424,852
32;1;35,8;93,9;603,7;1771,4;564;4591,4;12,1;12,1;5973;331;1,09821;0,996305;34,2705;31,3215;13979,5;13993,5;13993,5;468,66;468,426
33;1;35,3;94,5;603,7;1771,4;564;4591,4;12,9;12,9;5763;293;1,09681;0,997575;33,1095;30,2604;12318,8;12429,7;12429,7;438,06;436,089
34;1;35,7;93,8;603,7;1771,4;564;4591,4;12,5;12,5;8675;345;1,09844;0,996093;50,0193;45,7151;14657,1;14730,4;14730,4;443,51;442,401
35;1;36,4;93,6;603,7;1771,4;564;4591,4;12,6;12,6;5648;317;1,09891;0,995668;32,0763;29,3161;13291,1;13370,8;13370,8;440,89;439,567
36;1;35,9;95,2;603,7;1771,4;564;4591,4;11,3;11,3;6221;336;1,09519;0,999049;34,6285;31,6487;13594,7;13499,5;13499,5;446,33;447,892
37;1;36,2;92,9;603,7;1771,4;564;4591,4;11,6;11,6;6648;316;1,10056;0,994174;38,5384;35,2222;13617,5;13563;13563;448,63;449,527
38;1;36,6;94,4;603,7;1771,4;564;4591,4;12;12;4868;296;1,09704;0,997364;27,0314;24,7054;12040;12040;12040;457,14;457,14
39;1;35,8;94,4;603,7;1771,4;564;4591,4;11,3;11,3;7881;410;1,09704;0,997364;44,7401;40,8902;17049,7;16930,4;16930,4;503,95;505,714
40;1;34,8;93;603,7;1771,4;564;4591,4;10,2;10,2;6184;312;1,10033;0,994388;37,2106;34,0086;13942,2;13691,2;13691,2;424,28;428,099
41;1;36,2;92,7;603,7;1771,4;564;4591,4;10,8;10,8;5723;278;1,10104;0,993745;33,3195;30,4524;12055,6;11910,9;11910,9;436,79;439,411
42;1;36,4;94,3;603,7;1771,4;564;4591,4;13,1;13,1;7119;332;1,09728;0,997152;39,8324;36,4048;13620,6;13770,4;13770,4;504,26;501,487
43;1;35,9;93,9;603,7;1771,4;564;4591,4;12,1;12,1;7997;379;1,09821;0,996305;45,7556;41,8183;15962,1;15978,1;15978,1;468,71;468,476
44;1;35,6;95,1;603,7;1771,4;564;4591,4;11,4;11,4;5375;271;1,09542;0,998839;30,235;27,6333;11091,1;11024,6;11024,6;446,89;448,231
45;1;34,8;92,9;603,7;1771,4;564;4591,4;11,9;11,9;4142;259;1,10056;0,994174;24,9771;22,8278;11610,2;11598,6;11598,6;399,5;399,7
46;1;35,6;94,2;603,7;1771,4;564;4591,4;12,1;12,1;5120;282;1,09751;0,996941;29,3535;26,8276;11866;11877,9;11877,9;420,36;420,15
47;1;35,8;92,6;603,7;1771,4;564;4591,4;11,9;11,9;5017;258;1,10128;0,993531;29,5993;27,0523;11349;11337,7;11337,7;420,6;420,81
48;1;36,1;93,1;603,7;1771,4;564;4591,4;11,9;11,9;4674;271;1,10009;0,994602;27,0536;24,7256;11637,4;11625,8;11625,8;434,1;434,317
49;1;36,1;93,3;603,7;1771,4;564;4591,4;11,7;11,7;6481;323;1,09962;0,995029;37,352;34,1379;13783,8;13742,4;13742,4;451;451,677
50;1;35,9;94,5;603,7;1771,4;564;4591,4;12,3;12,3;8202;369;1,09681;0,997575;46,3345;42,3474;15254,8;15300,6;15300,6;454,8;454,118
51;1;36;93,3;603,7;1771,4;564;4591,4;12,4;12,4;4972;290;1,09962;0,995029;28,7348;26,2622;12409,9;12459,5;12459,5;442,18;441,296
52;1;35,6;94,8;603,7;1771,4;564;4591,4;12,2;12,2;6461;291;1,09612;0,998208;36,5743;33,4271;12019,9;12043,9;12043,9;434,86;434,425
53;1;35,9;93,8;603,7;1771,4;564;4591,4;11,7;11,7;6330;333;1,09844;0,996093;36,2949;33,1717;14068,5;14026,3;14026,3;463,2;463,895
54;1;36,2;94,1;603,7;1771,4;564;4591,4;11,3;11,3;5575;326;1,09774;0,996729;31,4992;28,7887;13531,9;13437,2;13437,2;417,02;418,48
55;1;35,3;93,7;603,7;1771,4;564;4591,4;11,2;11,2;6866;357;1,09868;0,99588;40,1229;36,6703;15386,6;15263,5;15263,5;455,12;456,94
56;1;36,2;94,3;603,7;1771,4;564;4591,4;11,8;11,8;6107;304;1,09728;0,997152;34,3588;31,4022;12540,8;12515,7;12515,7;437,84;438,278
57;1;36,2;93,7;603,7;1771,4;564;4591,4;11,2;11,2;6931;331;1,09868;0,99588;39,4958;36,0972;13911,3;13800;13800;453,86;455,675
58;1;35,6;93,2;603,7;1771,4;564;4591,4;12,1;12,1;5739;293;1,09985;0,994815;33,6122;30,7199;12718,9;12731,6;12731,6;455,99;455,762
59;1;36;95,2;603,7;1771,4;564;4591,4;12,9;12,9;7673;376;1,09519;0,999049;42,5923;38,9272;15170,9;15307,4;15307,4;482,53;480,359
60;1;36;94,6;603,7;1771,4;564;4591,4;11,6;11,6;3299;208;1,09658;0,997786;18,5456;16,9498;8548,61;8514,42;8514,42;420,05;420,89
61;1;35,8;93,5;603,7;1771,4;564;4591,4;11,7;11,7;7354;324;1,09915;0,995455;42,5559;38,894;13855,4;13813,8;13813,8;465,65;466,348
62;1;36,1;93,8;603,7;1771,4;564;4591,4;11,9;11,9;4772;247;1,09844;0,996093;27,2101;24,8687;10377,4;10367;10367;389,46;389,655
63;1;35,8;92,9;603,7;1771,4;564;4591,4;11,6;11,6;6838;293;1,10056;0,994174;40,0827;36,6336;12767,5;12716,4;12716,4;425,37;426,221
64;1;35,9;94,6;603,7;1771,4;564;4591,4;12,1;12,1;7412;360;1,09658;0,997786;41,7831;38,1877;14836,9;14851,7;14851,7;457,98;457,751
65;1;35,7;93,7;603,7;1771,4;564;4591,4;12,5;12,5;5122;287;1,09868;0,99588;29,5961;27,0494;12231;12292,2;12292,2;439,46;438,361
66;1;36,3;94,7;603,7;1771,4;564;4591,4;11,7;11,7;8941;457;1,09635;0,997997;49,7419;45,4616;18569,7;18514;18514;518,75;519,528
67;1;35,4;93,7;603,7;1771,4;564;4591,4;11,2;11,2;5723;301;1,09868;0,99588;33,3491;30,4794;12936,4;12832,9;12832,9;434,65;436,389
68;1;36,1;93,9;603,7;1771,4;564;4591,4;12,6;12,6;6523;319;1,09821;0,996305;37,1152;33,9214;13360,7;13440,9;13440,9;456,29;454,921
69;1;36,2;94,8;603,7;1771,4;564;4591,4;11,2;11,2;8029;378;1,09612;0,998208;44,697;40,8508;15354,7;15231,9;15231,9;466,94;468,808
70;1;35,6;92,4;603,7;1771,4;564;4591,4;11,7;11,7;10740;443;1,10175;0,993101;63,996;58,4892;19720,5;19661,3;19661,3;514,46;515,232
71;1;36,3;93,3;603,7;1771,4;564;4591,4;11,9;11,9;5775;311;1,09962;0,995029;33,0997;30,2515;13198,5;13185,3;13185,3;408,35;408,554
72;1;36,2;95,5;603,7;1771,4;564;4591,4;12,3;12,3;7323;360;1,0945;0,999677;40,1713;36,7146;14313,2;14356,1;14356,1;457,11;456,424
73;1;35,4;94,1;603,7;1771,4;564;4591,4;12,5;12,5;7042;326;1,09774;0,996729;40,687;37,1859;13837,7;13906,9;13906,9;428,02;426,95
74;1;35,9;94,2;603,7;1771,4;564;4591,4;12,8;12,8;7711;377;1,09751;0,996941;43,8386;40,0663;15730,8;15856,6;15856,6;493,67;491,695
75;1;36;93,1;603,7;1771,4;564;4591,4;13,1;13,1;5704;289;1,10009;0,994602;33,107;30,2581;12444,8;12581,7;12581,7;430,01;427,645
76;1;36,4;94,4;603,7;1771,4;564;4591,4;11,8;11,8;7890;391;1,09704;0,997364;44,0529;40,2622;15991,6;15959,6;15959,6;453,35;453,803
77;1;36,4;95,4;603,7;1771,4;564;4591,4;11,9;11,9;7277;405;1,09473;0,999468;39,7829;36,3596;16062,8;16046,7;16046,7;454,7;454,927
78;1;36;92,5;603,7;1771,4;564;4591,4;11,6;11,6;5727;258;1,10151;0,993316;33,6731;30,7755;11321,7;11276,4;11276,4;429,87;430,73
79;1;35,6;92,9;603,7;1771,4;564;4591,4;12,4;12,4;4336;264;1,10056;0,994174;25,5594;23,36;11568,4;11614,7;11614,7;459,33;458,411
80;1;35,5;92,9;603,7;1771,4;564;4591,4;12,4;12,4;5038;285;1,10056;0,994174;29,7811;27,2184;12523,8;12573,9;12573,9;405,08;404,27
81;1;36,1;93,3;603,7;1771,4;564;4591,4;12,1;12,1;5685;290;1,09962;0,995029;32,7644;29,945;12375,5;12387,9;12387,9;442,88;442,659
82;1;36,6;95,5;603,7;1771,4;564;4591,4;12,3;12,3;5649;338;1,0945;0,999677;30,6497;28,0123;13291,6;13331,5;13331,5;427,78;427,138
83;1;36,2;94,7;603,7;1771,4;564;4591,4;12;12;7105;346;1,09635;0,997997;39,6367;36,226;14098,2;14098,2;14098,2;403,72;403,72
84;1;36;95,9;603,7;1771,4;564;4591,4;11,6;11,6;7560;395;1,09359;1,00051;41,3547;37,7961;15600,7;15538,3;15538,3;483,42;484,387
85;1;36,5;93,7;603,7;1771,4;564;4591,4;11,5;11,5;8454;381;1,09868;0,99588;47,7785;43,6672;15881,1;15801,7;15801,7;456,16;457,3
86;1;35,8;93;603,7;1771,4;564;4591,4;11,5;11,5;5116;304;1,10033;0,994388;29,9243;27,3493;13205,2;13139,2;13139,2;444,99;446,102
87;1;36,4;93,4;603,7;1771,4;564;4591,4;12,5;12,5;8736;373;1,09938;0,995242;49,8264;45,5388;15737;15815,7;15815,7;475,05;473,862
88;1;36,6;92,6;603,7;1771,4;564;4591,4;12,2;12,2;6028;348;1,10128;0,993531;34,7867;31,7933;14973,4;15003,3;15003,3;464,7;464,235
89;1;35,9;93,8;603,7;1771,4;564;4591,4;13;13;5272;345;1,09844;0,996093;30,2286;27,6274;14575,4;14721,2;14721,2;454,89;452,616
90;2;44,9;142,5;931,3;2714,6;852;6974,6;12;12;13087;373;1,01031;0,99611;40,1028;39,8485;12979,1;12979,1;12979,1;423,95;423,95
91;2;44,8;143;931,3;2714,6;852;6974,6;11,4;11,4;11593;372;1,0096;0,996808;35,3555;35,1313;12841,2;12764,2;12764,2;409,42;410,648
92;2;44,4;142;931,3;2714,6;852;6974,6;12,3;12,3;13153;355;1,01102;0,99541;41,0465;40,7862;12620,7;12658,6;12658,6;431,38;430,733
93;2;45,6;140,7;931,3;2714,6;852;6974,6;12,2;12,2;17101;419;1,01288;0,993581;52,9272;52,5916;14898,9;14928,7;14928,7;401,48;401,079
94;2;44,7;140,2;931,3;2714,6;852;6974,6;12,6;12,6;16422;394;1,0136;0,992874;52,2196;51,8885;14441,5;14528,1;14528,1;427,62;426,337
95;2;44,4;141,7;931,3;2714,6;852;6974,6;12,8;12,8;9219;327;1,01145;0,994989;28,8916;28,7084;11697,3;11790,9;11790,9;382,86;381,329
96;2;45,4;140,5;931,3;2714,6;852;6974,6;11,5;11,5;13174;370;1,01317;0,993298;41,0696;40,8092;13269,6;13203,3;13203,3;470,7;471,877
97;2;44,8;143,1;931,3;2714,6;852;6974,6;11,7;11,7;9483;383;1,00946;0,996948;28,8801;28,697;13194;13154,4;13154,4;387,54;388,121
98;2;45,1;142,3;931,3;2714,6;852;6974,6;11,1;11,1;10374;300;1,0106;0,99583;31,7374;31,5362;10435,4;10341,5;10341,5;375,13;376,818
99;2;44,7;139,9;931,3;2714,6;852;6974,6;11,4;11,4;12955;363;1,01404;0,992448;41,3719;41,1096;13388,8;13308,5;13308,5;450,24;451,591
100;2;44,3;143,5;931,3;2714,6;852;6974,6;11,8;11,8;12596;388;1,0089;0,997504;38,5777;38,3331;13407,4;13380,6;13380,6;409,44;409,849
101;2;45,1;143,1;931,3;2714,6;852;6974,6;11,8;11,8;10717;362;1,00946;0,996948;32,4211;32,2155;12387,6;12362,8;12362,8;389,39;389,779
102;2;44,8;142,8;931,3;2714,6;852;6974,6;12,3;12,3;14715;403;1,00989;0,996529;45,0025;44,7171;13968,2;14010,1;14010,1;442,93;442,266
103;2;43,8;140,7;931,3;2714,6;852;6974,6;11,9;11,9;13334;351;1,01288;0,993581;42,9644;42,692;12993,9;12980,9;12980,9;427,32;427,534
104;2;45;142;931,3;2714,6;852;6974,6;11,7;11,7;11647;339;1,01102;0,99541;35,8621;35,6347;11891,2;11855,5;11855,5;441,83;442,493
105;2;45,5;141,9;931,3;2714,6;852;6974,6;11,9;11,9;16660;487;1,01116;0,99527;50,8054;50,4832;16929,7;16912,8;16912,8;462,54;462,771
106;2;45,1;142,6;931,3;2714,6;852;6974,6;13,9;13,9;10880;379;1,01017;0,99625;33,1455;32,9353;13102,5;13351,4;13351,4;411,54;407,63
107;2;44,7;141,9;931,3;2714,6;852;6974,6;12,3;12,3;13448;415;1,01116;0,99527;41,7442;41,4795;14685;14729,1;14729,1;438,24;437,583
108;2;44,8;142,4;931,3;2714,6;852;6974,6;12,2;12,2;10399;382;1,01045;0,99597;31,9819;31,7791;13349,3;13376;13376;401,91;401,508
109;2;44,8;139,7;931,3;2714,6;852;6974,6;11,9;11,9;10206;346;1,01433;0,992164;32,6134;32,4066;12786,6;12773,8;12773,8;431,15;431,366
110;2;44,4;142,6;931,3;2714,6;852;6974,6;10,9;10,9;12784;392;1,01017;0,99625;39,5599;39,309;13765,6;13614,2;13614,2;460,03;462,56
111;2;45,5;141,2;931,3;2714,6;852;6974,6;11,8;11,8;13898;410;1,01216;0,994286;42,8038;42,5324;14460,3;14431,4;14431,4;410,46;410,87
112;2;44,1;143;931,3;2714,6;852;6974,6;11,9;11,9;12573;398;1,0096;0,996808;38,9528;38,7058;13956,8;13942,8;13942,8;439,58;439,8
113;2;44,6;141,8;931,3;2714,6;852;6974,6;11,3;11,3;10775;356;1,01131;0,99513;33,5692;33,3563;12651,5;12562,9;12562,9;436,03;437,556
114;2;45,4;139,7;931,3;2714,6;852;6974,6;11,9;11,9;12649;372;1,01433;0,992164;39,8858;39,6329;13565,8;13552,2;13552,2;420,3;420,51
115;2;45,2;140,6;931,3;2714,6;852;6974,6;11,6;11,6;13316;435;1,01303;0,99344;41,6366;41,3726;15637,2;15574,7;15574,7;450,34;451,241
116;2;45,6;140,3;931,3;2714,6;852;6974,6;12,5;12,5;11885;332;1,01346;0,993015;36,9939;36,7593;11904;11963,5;11963,5;399,27;398,272
117;2;45,3;141,8;931,3;2714,6;852;6974,6;12,4;12,4;16017;432;1,01131;0,99513;49,1294;48,8179;15115,1;15175,6;15175,6;431,21;430,348
118;2;44,8;142,5;931,3;2714,6;852;6974,6;12,3;12,3;14128;369;1,01031;0,99611;43,3894;43,1143;12868,6;12907,2;12907,2;391,11;390,523
119;2;45;142,1;931,3;2714,6;852;6974,6;11,5;11,5;11407;373;1,01088;0,99555;35,0737;34,8513;13057;12991,7;12991,7;410,13;411,155
120;2;44,9;140,9;931,3;2714,6;852;6974,6;11,5;11,5;11399;350;1,0126;0,993863;35,728;35,5014;12587,1;12524,2;12524,2;389,39;390,363
121;2;44,9;141,9;931,3;2714,6;852;6974,6;11,2;11,2;9334;318;1,01116;0,99527;28,8448;28,6619;11202,5;11112,9;11112,9;388,63;390,185
122;2;44,6;143,7;931,3;2714,6;852;6974,6;13,5;13,5;13050;395;1,00862;0,997782;39,5889;39,3379;13502,5;13705;13705;397,15;394,171
123;2;44,4;142,2;931,3;2714,6;852;6974,6;12,7;12,7;9119;338;1,01074;0,99569;28,3776;28,1977;11967,1;12050,9;12050,9;403,81;402,397
124;2;44,3;142,7;931,3;2714,6;852;6974,6;11,3;11,3;10417;349;1,01003;0,99639;32,2628;32,0582;12258,1;12172,3;12172,3;420,19;421,661
125;2;45,5;142,2;931,3;2714,6;852;6974,6;11,6;11,6;15835;404;1,01074;0,99569;48,086;47,7811;13958;13902,2;13902,2;429,7;430,559
126;2;44,7;140,6;931,3;2714,6;852;6974,6;12;12;16558;458;1,01303;0,99344;52,3529;52,0209;16648,1;16648,1;16648,1;445,22;445,22
127;2;45,6;142,7;931,3;2714,6;852;6974,6;12;12;14666;347;1,01003;0,99639;44,1275;43,8477;11840,4;11840,4;11840,4;419,03;419,03
128;2;44,6;140;931,3;2714,6;852;6974,6;12,8;12,8;14374;398;1,01389;0,99259;45,9407;45,6494;14681,9;14799,4;14799,4;405,37;403,749
129;2;44,6;141,7;931,3;2714,6;852;6974,6;11,8;11,8;10830;326;1,01145;0,994989;33,7882;33,5739;11609,2;11586;11586;394,92;395,315
130;2;44,4;144,5;931,3;2714,6;852;6974,6;11,8;11,8;10759;372;1,0075;0,998891;32,4238;32,2182;12568,3;12543,2;12543,2;406,05;406,456
131;2;45,7;140,6;931,3;2714,6;852;6974,6;11,5;11,5;13745;369;1,01303;0,99344;42,5078;42,2383;13119,5;13053,9;13053,9;401,07;402,073
132;2;44,9;143,1;931,3;2714,6;852;6974,6;12,9;12,9;10218;397;1,00946;0,996948;31,0493;30,8524;13645,8;13768,6;13768,6;369,5;367,837
133;2;44,8;143;931,3;2714,6;852;6974,6;12,6;12,6;12705;395;1,0096;0,996808;38,7468;38,5011;13635,1;13716,9;13716,9;419,11;417,853
134;2;45;141;931,3;2714,6;852;6974,6;12,9;12,9;10452;310;1,01245;0,994004;32,6407;32,4337;11100,8;11200,7;11200,7;374,32;372,636
135;2;44,4;140,8;931,3;2714,6;852;6974,6;11,6;11,6;12088;430;1,01274;0,993722;38,3687;38,1254;15670,7;15608;15608;439,01;439,888
136;2;45,2;142,1;931,3;2714,6;852;6974,6;12;12;14319;420;1,01088;0,99555;43,8326;43,5547;14637,2;14637,2;14637,2;410,17;410,17
137;2;44,2;142,9;931,3;2714,6;852;6974,6;12;12;11847;387;1,00975;0,996669;36,6718;36,4393;13568;13568;13568;438,43;438,43
138;2;44,9;141,3;931,3;2714,6;852;6974,6;11,7;11,7;15985;450;1,01202;0,994427;49,8188;49,5029;16049,9;16001,8;16001,8;432,22;432,868
139;2;44,3;143,6;931,3;2714,6;852;6974,6;12,4;12,4;10447;348;1,00876;0,997643;31,9514;31,7488;12000,8;12048,8;12048,8;390,32;389,539
140;2;44,8;142,7;931,3;2714,6;852;6974,6;10,7;10,7;12859;420;1,01003;0,99639;39,3815;39,1318;14587,3;14397,7;14397,7;422,1;424,844
141;2;45,5;143;931,3;2714,6;852;6974,6;11,4;11,4;15547;391;1,0096;0,996808;46,6846;46,3886;13289,4;13209,7;13209,7;396,84;398,031
142;2;45,2;141,1;931,3;2714,6;852;6974,6;12,8;12,8;14430;362;1,01231;0,994145;44,8007;44,5166;12878,8;12981,8;12981,8;450,37;448,569
143;2;45,2;145,2;931,3;2714,6;852;6974,6;11,8;11,8;12518;394;1,00653;0,999857;36,7007;36,468;12892,9;12867,1;12867,1;379,87;380,25
144;2;46,1;142,7;931,3;2714,6;852;6974,6;12;12;14965;389;1,01003;0,99639;44,5388;44,2564;13129,6;13129,6;13129,6;380,54;380,54
145;2;44,8;142,1;931,3;2714,6;852;6974,6;13;13;16841;433;1,01088;0,99555;52,0131;51,6833;15225;15377,2;15377,2;439,34;437,143
146;2;45;141;931,3;2714,6;852;6974,6;11,8;11,8;12208;382;1,01245;0,994004;38,1245;37,8828;13679;13651,6;13651,6;417,38;417,797
147;2;45,2;143,9;931,3;2714,6;852;6974,6;12,7;12,7;13244;410;1,00834;0,99806;39,5339;39,2832;13773,2;13869,6;13869,6;476,51;474,842
148;2;44,8;141,2;931,3;2714,6;852;6974,6;11,9;11,9;11965;341;1,01216;0,994286;37,4262;37,1889;12214,7;12202,5;12202,5;389,03;389,225
149;2;44,5;142,3;931,3;2714,6;852;6974,6;12,1;12,1;12137;384;1,0106;0,99583;37,6316;37,393;13537,4;13550,9;13550,9;400,12;399,92
150;2;44,9;143,5;931,3;2714,6;852;6974,6;12,5;12,5;8710;303;1,0089;0,997504;26,3196;26,1527;10330,3;10382;10382;406,95;405,933
151;2;45,7;144;931,3;2714,6;852;6974,6;12,8;12,8;14162;408;1,0082;0,998198;41,7536;41,4888;13528,6;13636,8;13636,8;431,86;430,133
152;2;45,1;141,2;931,3;2714,6;852;6974,6;11,5;11,5;11553;330;1,01216;0,994286;35,8971;35,6695;11742;11683,3;11683,3;408,08;409,1
153;2;44,9;141,4;931,3;2714,6;852;6974,6;12,5;12,5;12350;351;1,01188;0,994568;38,4355;38,1918;12493,1;12555,6;12555,6;385,5;384,536
154;2;44,5;144,1;931,3;2714,6;852;6974,6;12,1;12,1;14056;398;1,00806;0,998337;42,4996;42,2301;13525,4;13538,9;13538,9;444,03;443,808
155;2;45;142,5;931,3;2714,6;852;6974,6;11,5;11,5;13954;428;1,01031;0,99611;42,6646;42,3941;14859,8;14785,5;14785,5;407,26;408,278
156;2;44,4;140,9;931,3;2714,6;852;6974,6;12;12;11435;406;1,0126;0,993863;36,2445;36,0147;14765,4;14765,4;14765,4;443,25;443,25
157;2;44,9;144,9;931,3;2714,6;852;6974,6;11,3;11,3;11113;403;1,00694;0,999443;32,9351;32,7263;13355,9;13262,4;13262,4;435,15;436,673
158;2;44,9;142,6;931,3;2714,6;852;6974,6;11,7;11,7;14976;380;1,01017;0,99625;45,827;45,5364;13195,6;13156;13156;405,25;405,858
159;2;44,7;142,8;931,3;2714,6;852;6974,6;12,2;12,2;11587;365;1,00989;0,996529;35,5155;35,2903;12679,4;12704,8;12704,8;379,26;378,881
160;2;45;144,9;931,3;2714,6;852;6974,6;12,3;12,3;12138;412;1,00694;0,999443;35,8929;35,6653;13623,8;13664,7;13664,7;436,62;435,965
161;2;45,1;140,2;931,3;2714,6;852;6974,6;11,8;11,8;11629;350;1,0136;0,992874;36,6506;36,4182;12715;12689,6;12689,6;421,28;421,701
162;2;45,1;143;931,3;2714,6;852;6974,6;12,6;12,6;14758;435;1,0096;0,996808;44,7085;44,425;14916;15005,5;15005,5;431,6;430,305
163;2;43,6;143,5;931,3;2714,6;852;6974,6;12,6;12,6;15653;446;1,0089;0,997504;48,71;48,4011;15659;15753;15753;429,38;428,092
164;2;44,9;142,2;931,3;2714,6;852;6974,6;11,4;11,4;11721;338;1,01074;0,99569;36,0687;35,84;11833,8;11762,8;11762,8;397,72;398,913
165;2;44,7;142,3;931,3;2714,6;852;6974,6;12,5;12,5;11341;357;1,0106;0,99583;35,0062;34,7842;12529,2;12591,8;12591,8;393,08;392,097
166;2;45,6;142;931,3;2714,6;852;6974,6;12,3;12,3;13161;415;1,01102;0,99541;39,9906;39,737;14365,5;14408,6;14408,6;424,74;424,103
167;2;45,3;142;931,3;2714,6;852;6974,6;11,8;11,8;8777;332;1,01102;0,99541;26,8462;26,676;11568,5;11545,4;11545,4;403,68;404,084
168;2;44,9;140,9;931,3;2714,6;852;6974,6;12,8;12,8;14003;473;1,0126;0,993863;43,8898;43,6115;17010,5;17146,6;17146,6;427,86;426,149
169;2;45,2;142,6;931,3;2714,6;852;6974,6;12,2;12,2;9737;355;1,01017;0,99625;29,5977;29,41;12245,7;12270,2;12270,2;389,36;388,971
170;2;45,7;140,9;931,3;2714,6;852;6974,6;11,6;11,6;11486;343;1,0126;0,993863;35,3705;35,1462;12119,4;12070,9;12070,9;399,19;399,988
171;2;44,5;141,2;931,3;2714,6;852;6974,6;13,4;13,4;15978;416;1,01216;0,994286;50,3157;49,9966;15001,6;15211,6;15211,6;446,96;443,831
172;2;44,9;140,8;931,3;2714,6;852;6974,6;11,6;11,6;10665;360;1,01274;0,993722;33,475;33,2627;12973,6;12921,7;12921,7;410,02;410,84
173;2;46,1;140,7;931,3;2714,6;852;6974,6;12,1;12,1;13092;367;1,01288;0,993581;40,08;39,8259;12908,4;12921,3;12921,3;383,42;383,228
174;2;45,3;141,5;931,3;2714,6;852;6974,6;11,4;11,4;19673;491;1,01174;0,994708;60,5997;60,2154;17286,1;17182,4;17182,4;489,21;490,678
175;2;44,9;143,5;931,3;2714,6;852;6974,6;12;12;14096;412;1,0089;0,997504;42,5948;42,3247;14046,5;14046,5;14046,5;452,1;452,1
176;2;46;142,2;931,3;2714,6;852;6974,6;13;13;11780;400;1,01074;0,99569;35,3834;35,159;13669,6;13806,3;13806,3;450,06;447,81
177;2;44,1;144,9;931,3;2714,6;852;6974,6;11,8;11,8;10809;397;1,00694;0,999443;32,6153;32,4085;13395,7;13368,9;13368,9;413,13;413,543
178;2;45;140,8;931,3;2714,6;852;6974,6;13;13;10263;284;1,01274;0,993722;32,1416;31,9378;10212;10314,1;10314,1;417,52;415,432
179;2;44,5;142;931,3;2714,6;852;6974,6;12,9;12,9;12701;333;1,01102;0,99541;39,5469;39,2961;11812;11918,3;11918,3;416,75;414,875
180;3;57;190,9;1217,1;3574,1;1139,9;9273,6;11,4;11,4;16811;470;1;0,997608;29,5498;29,6207;12188,4;12115,3;12115,3;435,64;436,947
181;3;57,2;192,1;1217,1;3574,1;1139,9;9273,6;11,1;11,1;20562;473;1;0,998859;35,5682;35,6088;12001,9;11893,9;11893,9;463,55;465,636
182;3;57;191,5;1217,1;3574,1;1139,9;9273,6;11,9;11,9;18590;478;1;0,998234;32,4724;32,5298;12282,9;12270,6;12270,6;444,44;444,662
183;3;57,3;187,1;1217,1;3574,1;1139,9;9273,6;11,8;11,8;18685;488;1;0,993604;34,0125;34,2314;13349,8;13323,1;13323,1;438,88;439,319
184;3;57,3;187,5;1217,1;3574,1;1139,9;9273,6;11,5;11,5;19967;617;1;0,994028;36,1912;36,4086;16773,8;16689,9;16689,9;427,07;428,138
185;3;56,3;189,1;1217,1;3574,1;1139,9;9273,6;11,7;11,7;13974;431;1;0,995719;25,3441;25,4531;11633,1;11598,2;11598,2;439,46;440,119
186;3;56,5;191,7;1217,1;3574,1;1139,9;9273,6;12,1;12,1;24497;580;1;0,998442;43,0792;43,1464;14990,1;15005,1;15005,1;452,87;452,644
187;3;57,5;189,4;1217,1;3574,1;1139,9;9273,6;11,9;11,9;13644;434;1;0,996035;24,1525;24,2486;11416,7;11405,3;11405,3;409,59;409,795
188;3;58;190,4;1217,1;3574,1;1139,9;9273,6;11,6;11,6;27035;532;1;0,997084;46,9475;47,0848;13662,5;13607,9;13607,9;449,55;450,449
189;3;57,2;189,2;1217,1;3574,1;1139,9;9273,6;11,6;11,6;20841;578;1;0,995824;37,1645;37,3203;15331,7;15270,4;15270,4;479,94;480,9
190;3;57;191,5;1217,1;3574,1;1139,9;9273,6;12;12;30524;625;1;0,998234;53,3183;53,4126;16060,2;16060,2;16060,2;453,85;453,85
191;3;57,2;191;1217,1;3574,1;1139,9;9273,6;11,6;11,6;16528;511;1;0,997712;28,9205;28,9868;13185,1;13132,4;13132,4;404,21;405,018
192;3;57,6;189;1217,1;3574,1;1139,9;9273,6;10,5;10,5;23882;623;1;0,995614;42,3811;42,5678;16461,3;16214,4;16214,4;418,69;421,83
193;3;57,8;192,3;1217,1;3574,1;1139,9;9273,6;12,9;12,9;18244;455;1;0,999067;31,166;31,1951;11390,7;11493,2;11493,2;392,17;390,405
194;3;56,5;190,7;1217,1;3574,1;1139,9;9273,6;11,4;11,4;20753;508;1;0,997399;36,879;36,9752;13331,1;13251,1;13251,1;448,64;449,986
195;3;57;190,2;1217,1;3574,1;1139,9;9273,6;12,3;12,3;27405;692;1;0,996875;48,5268;48,6789;18138,8;18193,2;18193,2;440,47;439,809
196;3;56,7;190,4;1217,1;3574,1;1139,9;9273,6;11,3;11,3;22444;501;1;0,997084;39,8686;39,9852;13161,3;13069,2;13069,2;440,96;442,503
197;3;56,7;190;1217,1;3574,1;1139,9;9273,6;11,9;11,9;18480;448;1;0,996665;32,9655;33,0758;11841,4;11829,6;11829,6;398,29;398,489
198;3;57,3;189,5;1217,1;3574,1;1139,9;9273,6;12,5;12,5;14830;455;1;0,99614;26,3157;26,4177;11992,4;12052,4;12052,4;422,37;421,314
199;3;57,1;188,4;1217,1;3574,1;1139,9;9273,6;13,1;13,1;14905;377;1;0,994981;26,8523;26,9878;10142,2;10253,8;10253,8;415,04;412,757
200;3;56,2;187,5;1217,1;3574,1;1139,9;9273,6;11,4;11,4;23704;514;1;0,994028;43,8057;44,0689;14247,1;14161,6;14161,6;473,59;475,011
201;3;56,4;186,1;1217,1;3574,1;1139,9;9273,6;11,7;11,7;19767;551;1;0,99254;36,9502;37,2279;15555,3;15508,6;15508,6;448,21;448,882
202;3;57,7;188,5;1217,1;3574,1;1139,9;9273,6;11,6;11,6;32910;612;1;0,995087;58,6107;58,9001;16267,9;16202,8;16202,8;496,21;497,202
203;3;56,9;189,1;1217,1;3574,1;1139,9;9273,6;11,7;11,7;16752;463;1;0,995719;30,0621;30,1913;12365,1;12328;12328;379,21;379,779
204;3;56,6;188,1;1217,1;3574,1;1139,9;9273,6;12;12;46155;645;1;0,994664;84,1535;84,605;17587;17587;17587;477,49;477,49
205;3;56,1;193,1;1217,1;3574,1;1139,9;9273,6;11,2;11,2;25136;558;1;0,999896;43,8749;43,8794;14219,4;14105,6;14105,6;456,26;458,085
206;3;56,6;186,4;1217,1;3574,1;1139,9;9273,6;11,5;11,5;19752;501;1;0,992859;36,6733;36,9371;14027,6;13957,5;13957,5;438,08;439,175
207;3;58,2;187,9;1217,1;3574,1;1139,9;9273,6;12,4;12,4;25940;587;1;0,994452;46,0936;46,3507;15614;15676,5;15676,5;476,45;475,497
208;3;56,5;192,1;1217,1;3574,1;1139,9;9273,6;12,7;12,7;20709;460;1;0,998859;36,2663;36,3077;11816,6;11899,3;11899,3;426,99;425,496
209;3;57,7;188,7;1217,1;3574,1;1139,9;9273,6;12;12;37327;638;1;0,995298;66,3363;66,6497;16906,6;16906,6;16906,6;491,16;491,16
210;3;57,7;190,6;1217,1;3574,1;1139,9;9273,6;11,3;11,3;27699;540;1;0,997294;48,2492;48,3801;13897,4;13800,1;13800,1;465,2;466,828
211;3;56,6;189,6;1217,1;3574,1;1139,9;9273,6;11,6;11,6;25999;500;1;0,996245;46,6564;46,8322;13320,9;13267,6;13267,6;425,2;426,05
212;3;57,7;191,8;1217,1;3574,1;1139,9;9273,6;12;12;22180;605;1;0,998547;38,1536;38,2091;15287,7;15287,7;15287,7;491,26;491,26
213;3;58,3;192,4;1217,1;3574,1;1139,9;9273,6;11,7;11,7;24611;535;1;0,99917;41,6388;41,6734;13258,5;13218,7;13218,7;434,83;435,482
214;3;55,9;187,8;1217,1;3574,1;1139,9;9273,6;12,6;12,6;22125;481;1;0,994346;40,9758;41,2088;13341,6;13421,6;13421,6;441,89;440,564
215;3;55,8;190,4;1217,1;3574,1;1139,9;9273,6;11,8;11,8;20939;524;1;0,997084;37,7951;37,9056;13987,6;13959,6;13959,6;418,8;419,219
216;3;56,9;189,2;1217,1;3574,1;1139,9;9273,6;11,9;11,9;25198;516;1;0,995824;45,1709;45,3603;13759,3;13745,5;13745,5;466,21;466,443
217;3;57,6;186,5;1217,1;3574,1;1139,9;9273,6;12,8;12,8;30768;699;1;0,992966;56,0747;56,4719;19201,6;19355,2;19355,2;493,62;491,646
218;3;56,1;190,9;1217,1;3574,1;1139,9;9273,6;11,9;11,9;23019;599;1;0,997608;41,1111;41,2097;15782,9;15767,1;15767,1;431,14;431,356
219;3;55,8;190,5;1217,1;3574,1;1139,9;9273,6;12,9;12,9;21140;501;1;0,997189;38,1178;38,2252;13353,1;13473,3;13473,3;493,35;491,13
220;3;57,3;190,7;1217,1;3574,1;1139,9;9273,6;11,3;11,3;28070;625;1;0,997399;49,1851;49,3134;16172,4;16059,2;16059,2;464,42;466,045
221;3;56,9;187,7;1217,1;3574,1;1139,9;9273,6;11,5;11,5;22605;445;1;0,99424;41,1729;41,4114;12145;12084,3;12084,3;446,38;447,496
222;3;57,2;191,8;1217,1;3574,1;1139,9;9273,6;12,4;12,4;35120;667;1;0,998547;60,9409;61,0296;17001,8;17069,8;17069,8;523,43;522,383
223;3;57,3;188,6;1217,1;3574,1;1139,9;9273,6;11,5;11,5;20459;577;1;0,995192;36,6517;36,8288;15420,7;15343,6;15343,6;458,75;459,897
224;3;56,5;190,3;1217,1;3574,1;1139,9;9273,6;11,8;11,8;15225;449;1;0,99698;27,1693;27,2516;11855,2;11831,5;11831,5;437,36;437,797
225;3;56,1;191,2;1217,1;3574,1;1139,9;9273,6;13,2;13,2;15861;539;1;0,997921;28,2384;28,2972;14137;14306,6;14306,6;427,4;424,836
226;3;56,2;187,1;1217,1;3574,1;1139,9;9273,6;13,4;13,4;14878;404;1;0,993604;27,6127;27,7904;11268,2;11426;11426;435,32;432,273
227;3;56,1;188,8;1217,1;3574,1;1139,9;9273,6;11,4;11,4;18202;439;1;0,995403;33,2353;33,3888;11946,5;11874,8;11874,8;427,22;428,502
228;3;57,8;188;1217,1;3574,1;1139,9;9273,6;13,2;13,2;20561;496;1;0,994558;36,7492;36,9503;13264,1;13423,3;13423,3;444,96;442,29
229;3;56,9;189,6;1217,1;3574,1;1139,9;9273,6;11,7;11,7;17465;474;1;0,996245;31,1765;31,294;12561,7;12524;12524;397,75;398,347
230;3;56,7;189,9;1217,1;3574,1;1139,9;9273,6;11,7;11,7;16735;426;1;0,99656;29,8841;29,9872;11277,3;11243,5;11243,5;394,76;395,352
231;3;56,6;190,4;1217,1;3574,1;1139,9;9273,6;12,5;12,5;26773;608;1;0,997084;47,6425;47,7818;16000,4;16080,4;16080,4;480,19;478,99
232;3;57,1;190,5;1217,1;3574,1;1139,9;9273,6;11,3;11,3;20260;512;1;0,997189;35,6994;35,8;13335,6;13242,3;13242,3;428,85;430,351
233;3;57,6;188,5;1217,1;3574,1;1139,9;9273,6;12;12;22637;584;1;0,995087;40,3851;40,5845;15550,6;15550,6;15550,6;471,04;471,04
234;3;57,3;188;1217,1;3574,1;1139,9;9273,6;9,8;9,8;21275;504;1;0,994558;38,3572;38,5671;13595,6;13296,5;13296,5;463,54;468,639
235;3;57,6;189,6;1217,1;3574,1;1139,9;9273,6;11,8;11,8;19468;510;1;0,996245;34,3297;34,4591;13351,4;13324,7;13324,7;407,36;407,767
236;3;58;189,3;1217,1;3574,1;1139,9;9273,6;12,1;12,1;21529;514;1;0,99593;37,8218;37,9764;13425,3;13438,7;13438,7;448,8;448,576
237;3;56,9;191;1217,1;3574,1;1139,9;9273,6;11,8;11,8;34013;659;1;0,997712;59,8292;59,9664;17093,5;17059,3;17059,3;511,49;512,001
238;3;57,1;192;1217,1;3574,1;1139,9;9273,6;10,8;10,8;21484;499;1;0,998755;37,267;37,3135;12703,1;12550,7;12550,7;426,09;428,647
239;3;57,4;189,4;1217,1;3574,1;1139,9;9273,6;12,4;12,4;20710;526;1;0,996035;36,7245;36,8707;13860,9;13916,3;13916,3;467,94;467,004
240;3;56,5;191,1;1217,1;3574,1;1139,9;9273,6;11,8;11,8;26963;589;1;0,997817;47,714;47,8184;15362,5;15331,8;15331,8;463,3;463,763
241;3;57,8;191;1217,1;3574,1;1139,9;9273,6;13,1;13,1;24823;587;1;0,997712;42,984;43,0826;14988,9;15153,8;15153,8;485,69;483,019
242;3;57,2;190,5;1217,1;3574,1;1139,9;9273,6;12;12;26293;598;1;0,997189;46,2489;46,3793;15548,4;15548,4;15548,4;436,2;436,2
243;3;57,5;191,9;1217,1;3574,1;1139,9;9273,6;12,5;12,5;22213;549;1;0,998651;38,3034;38,3552;13899,8;13969,3;13969,3;459,51;458,361
244;3;56,4;191,3;1217,1;3574,1;1139,9;9273,6;12,4;12,4;17430;472;1;0,998025;30,8344;30,8954;12295,1;12344,3;12344,3;385,47;384,699
245;3;56,5;188,5;1217,1;3574,1;1139,9;9273,6;12,1;12,1;16704;360;1;0,995087;30,3806;30,5306;9772,6;9782,37;9782,37;444,23;444,008
246;3;57,3;187,6;1217,1;3574,1;1139,9;9273,6;13,5;13,5;25100;539;1;0,994134;45,4466;45,7147;14630,5;14850;14850;463,08;459,607
247;3;56,9;192;1217,1;3574,1;1139,9;9273,6;12,3;12,3;18496;416;1;0,998755;32,1966;32,2367;10627,4;10659,3;10659,3;430,8;430,154
248;3;56,7;193,1;1217,1;3574,1;1139,9;9273,6;12,6;12,6;19873;595;1;0,999896;34,3213;34,3249;15001,8;15091,8;15091,8;466,65;465,25
249;3;57,1;188,8;1217,1;3574,1;1139,9;9273,6;11;11;19126;392;1;0,995403;34,3109;34,4694;10480,7;10375,9;10375,9;421,1;423,205
250;3;56,4;189,6;1217,1;3574,1;1139,9;9273,6;11;11;20199;472;1;0,996245;36,3766;36,5137;12619,5;12493,3;12493,3;442,33;444,542
251;3;57,1;189,1;1217,1;3574,1;1139,9;9273,6;12,2;12,2;17173;412;1;0,995719;30,7096;30,8416;10964,5;10986,4;10986,4;388;387,612
252;3;57,7;191,4;1217,1;3574,1;1139,9;9273,6;13,3;13,3;20874;545;1;0,99813;36,0573;36,1249;13855,7;14035,8;14035,8;465,67;462,643
253;3;56,7;188,8;1217,1;3574,1;1139,9;9273,6;12,9;12,9;26151;498;1;0,995403;47,2442;47,4624;13408,7;13529,4;13529,4;460,74;458,667
254;3;56,9;187,1;1217,1;3574,1;1139,9;9273,6;11,7;11,7;12773;412;1;0,993604;23,4143;23,565;11350;11316;11316;426,05;426,689
255;3;56,9;189,7;1217,1;3574,1;1139,9;9273,6;11,6;11,6;15850;492;1;0,99635;28,2638;28,3673;13018,6;12966,5;12966,5;478,18;479,136
256;3;57,2;190,8;1217,1;3574,1;1139,9;9273,6;12,5;12,5;26585;625;1;0,997503;46,6156;46,7323;16176;16256,9;16256,9;469,56;468,386
257;3;57;193,1;1217,1;3574,1;1139,9;9273,6;12,2;12,2;25270;605;1;0,999896;43,4124;43,4169;15173,7;15204;15204;478,77;478,291
258;3;56,9;190;1217,1;3574,1;1139,9;9273,6;11,9;11,9;34947;585;1;0,996665;62,1209;62,3288;15408,3;15392,9;15392,9;501,32;501,571
