clase;fmk_req;fmk_rel;E0mean_req;E0mean_rel;rok_req;rok_rel;cumple;frenan
[-];[N/mm2];[-];[kN/mm2];[-];[kg/m3];[-];[-];[-]
C14;14;1,63398;7;1,92744;290;1,25988;si;
C16;16;1,42973;8;1,68651;310;1,1786;si;
C18;18;1,27087;9;1,49912;320;1,14177;si;
C20;20;1,14378;9,5;1,42022;330;1,10717;si;
C22;22;1,0398;10;1,34921;340;1,0746;si;
C24;24;0,953154;11;1,22655;350;1,0439;no;fmk
C27;27;0,847248;11,5;1,17323;370;0,987473;no;fmk rok
C30;30;0,762523;12;1,12434;380;0,961487;no;fmk rok
C35;35;0,653591;13;1,03785;400;0,913413;no;fmk rok
C40;40;0,571892;14;0,963721;420;0,869917;no;fmk E0mean rok
C45;45;0,508349;15;0,899473;440;0,830375;no;fmk E0mean rok
C50;50;0,457514;16;0,843256;460;0,794272;no;fmk E0mean rok
